CET Time,UK Time (HH:MM),Area Code,                   Area Name,Unit Price (inc VAT)
2021-10-01 00:00:00+00:00,00:00,E,West_Midlands,9.23
2021-10-02 00:00:00+00:00,00:00,E,West_Midlands,8.14
2021-10-03 00:00:00+00:00,00:00,E,West_Midlands,8.14
2021-10-04 00:00:00+00:00,00:00,E,West_Midlands,8.33
2021-10-05 00:00:00+00:00,00:00,E,West_Midlands,9.26
2021-10-06 00:00:00+00:00,00:00,E,West_Midlands,11.58
2021-10-07 00:00:00+00:00,00:00,E,West_Midlands,10.07
2021-10-08 00:00:00+00:00,00:00,E,West_Midlands,9.7
2021-10-09 00:00:00+00:00,00:00,E,West_Midlands,8.28
2021-10-10 00:00:00+00:00,00:00,E,West_Midlands,8.28
2021-10-11 00:00:00+00:00,00:00,E,West_Midlands,8.34
2021-10-12 00:00:00+00:00,00:00,E,West_Midlands,8.98
2021-10-13 00:00:00+00:00,00:00,E,West_Midlands,9.17
2021-10-14 00:00:00+00:00,00:00,E,West_Midlands,9.42
2021-10-15 00:00:00+00:00,00:00,E,West_Midlands,10.26
2021-10-16 00:00:00+00:00,00:00,E,West_Midlands,8.78
2021-10-17 00:00:00+00:00,00:00,E,West_Midlands,8.78
2021-10-18 00:00:00+00:00,00:00,E,West_Midlands,8.93
2021-10-19 00:00:00+00:00,00:00,E,West_Midlands,9.06
2021-10-20 00:00:00+00:00,00:00,E,West_Midlands,8.78
2021-10-21 00:00:00+00:00,00:00,E,West_Midlands,9.16
2021-10-22 00:00:00+00:00,00:00,E,West_Midlands,9.39
2021-10-23 00:00:00+00:00,00:00,E,West_Midlands,9.01
2021-10-24 00:00:00+00:00,00:00,E,West_Midlands,9.01
2021-10-25 00:00:00+00:00,00:00,E,West_Midlands,9.08
2021-10-26 00:00:00+00:00,00:00,E,West_Midlands,9.12
2021-10-27 00:00:00+00:00,00:00,E,West_Midlands,9.2
2021-10-28 00:00:00+00:00,00:00,E,West_Midlands,8.95
2021-10-29 00:00:00+00:00,00:00,E,West_Midlands,8.05
2021-10-30 00:00:00+00:00,00:00,E,West_Midlands,6.5
2021-10-31 00:00:00+00:00,00:00,E,West_Midlands,6.5
2021-11-01 00:00:00+00:00,00:00,E,West_Midlands,6.53
2021-11-02 00:00:00+00:00,00:00,E,West_Midlands,7.13
2021-11-03 00:00:00+00:00,00:00,E,West_Midlands,7.64
2021-11-04 00:00:00+00:00,00:00,E,West_Midlands,8.4
2021-11-05 00:00:00+00:00,00:00,E,West_Midlands,8.02
2021-11-06 00:00:00+00:00,00:00,E,West_Midlands,7.98
2021-11-07 00:00:00+00:00,00:00,E,West_Midlands,7.98
2021-11-08 00:00:00+00:00,00:00,E,West_Midlands,8.1
2021-11-09 00:00:00+00:00,00:00,E,West_Midlands,8.28
2021-11-10 00:00:00+00:00,00:00,E,West_Midlands,7.68
2021-11-11 00:00:00+00:00,00:00,E,West_Midlands,7.34
2021-11-12 00:00:00+00:00,00:00,E,West_Midlands,7.91
2021-11-13 00:00:00+00:00,00:00,E,West_Midlands,7.91
2021-11-14 00:00:00+00:00,00:00,E,West_Midlands,7.91
2021-11-15 00:00:00+00:00,00:00,E,West_Midlands,8.1
2021-11-16 00:00:00+00:00,00:00,E,West_Midlands,8.93
2021-11-17 00:00:00+00:00,00:00,E,West_Midlands,9.8
2021-11-18 00:00:00+00:00,00:00,E,West_Midlands,10.0
2021-11-19 00:00:00+00:00,00:00,E,West_Midlands,9.72
2021-11-20 00:00:00+00:00,00:00,E,West_Midlands,9.2
2021-11-21 00:00:00+00:00,00:00,E,West_Midlands,9.2
2021-11-22 00:00:00+00:00,00:00,E,West_Midlands,9.39
2021-11-23 00:00:00+00:00,00:00,E,West_Midlands,9.27
2021-11-24 00:00:00+00:00,00:00,E,West_Midlands,9.75
2021-11-25 00:00:00+00:00,00:00,E,West_Midlands,10.14
2021-11-26 00:00:00+00:00,00:00,E,West_Midlands,10.0
2021-11-27 00:00:00+00:00,00:00,E,West_Midlands,9.5
2021-11-28 00:00:00+00:00,00:00,E,West_Midlands,9.5
2021-11-29 00:00:00+00:00,00:00,E,West_Midlands,9.42
2021-11-30 00:00:00+00:00,00:00,E,West_Midlands,10.13
2021-12-01 00:00:00+00:00,00:00,E,West_Midlands,9.95
2021-12-02 00:00:00+00:00,00:00,E,West_Midlands,10.49
2021-12-03 00:00:00+00:00,00:00,E,West_Midlands,10.1
2021-12-04 00:00:00+00:00,00:00,E,West_Midlands,9.81
2021-12-05 00:00:00+00:00,00:00,E,West_Midlands,9.81
2021-12-06 00:00:00+00:00,00:00,E,West_Midlands,9.84
2021-12-07 00:00:00+00:00,00:00,E,West_Midlands,9.84
2021-12-08 00:00:00+00:00,00:00,E,West_Midlands,10.39
2021-12-09 00:00:00+00:00,00:00,E,West_Midlands,11.22
2021-12-10 00:00:00+00:00,00:00,E,West_Midlands,10.75
2021-12-11 00:00:00+00:00,00:00,E,West_Midlands,11.32
2021-12-12 00:00:00+00:00,00:00,E,West_Midlands,11.32
2021-12-13 00:00:00+00:00,00:00,E,West_Midlands,11.2
2021-12-14 00:00:00+00:00,00:00,E,West_Midlands,12.27
2021-12-15 00:00:00+00:00,00:00,E,West_Midlands,13.15
2021-12-16 00:00:00+00:00,00:00,E,West_Midlands,13.29
2021-12-17 00:00:00+00:00,00:00,E,West_Midlands,13.94
2021-12-18 00:00:00+00:00,00:00,E,West_Midlands,14.01
2021-12-19 00:00:00+00:00,00:00,E,West_Midlands,14.01
2021-12-20 00:00:00+00:00,00:00,E,West_Midlands,14.13
2021-12-21 00:00:00+00:00,00:00,E,West_Midlands,15.57
2021-12-22 00:00:00+00:00,00:00,E,West_Midlands,18.53
2021-12-23 00:00:00+00:00,00:00,E,West_Midlands,17.5
2021-12-24 00:00:00+00:00,00:00,E,West_Midlands,14.54
2021-12-25 00:00:00+00:00,00:00,E,West_Midlands,9.69
2021-12-26 00:00:00+00:00,00:00,E,West_Midlands,9.69
2021-12-27 00:00:00+00:00,00:00,E,West_Midlands,9.69
2021-12-28 00:00:00+00:00,00:00,E,West_Midlands,9.69
2021-12-29 00:00:00+00:00,00:00,E,West_Midlands,9.41
2021-12-30 00:00:00+00:00,00:00,E,West_Midlands,9.16
2021-12-31 00:00:00+00:00,00:00,E,West_Midlands,7.79
2022-01-01 00:00:00+00:00,00:00,E,West_Midlands,6.5
2022-01-02 00:00:00+00:00,00:00,E,West_Midlands,6.5
2022-01-03 00:00:00+00:00,00:00,E,West_Midlands,6.5
2022-01-04 00:00:00+00:00,00:00,E,West_Midlands,6.12
2022-01-05 00:00:00+00:00,00:00,E,West_Midlands,8.93
2022-01-06 00:00:00+00:00,00:00,E,West_Midlands,9.72
2022-01-07 00:00:00+00:00,00:00,E,West_Midlands,9.95
2022-01-08 00:00:00+00:00,00:00,E,West_Midlands,8.78
2022-01-09 00:00:00+00:00,00:00,E,West_Midlands,8.78
2022-01-10 00:00:00+00:00,00:00,E,West_Midlands,9.08
2022-01-11 00:00:00+00:00,00:00,E,West_Midlands,9.12
2022-01-12 00:00:00+00:00,00:00,E,West_Midlands,8.47
2022-01-13 00:00:00+00:00,00:00,E,West_Midlands,7.98
2022-01-14 00:00:00+00:00,00:00,E,West_Midlands,8.93
2022-01-15 00:00:00+00:00,00:00,E,West_Midlands,8.93
2022-01-16 00:00:00+00:00,00:00,E,West_Midlands,8.93
2022-01-17 00:00:00+00:00,00:00,E,West_Midlands,8.93
2022-01-18 00:00:00+00:00,00:00,E,West_Midlands,8.26
2022-01-19 00:00:00+00:00,00:00,E,West_Midlands,8.55
2022-01-20 00:00:00+00:00,00:00,E,West_Midlands,8.15
2022-01-21 00:00:00+00:00,00:00,E,West_Midlands,8.1
2022-01-22 00:00:00+00:00,00:00,E,West_Midlands,8.34
2022-01-23 00:00:00+00:00,00:00,E,West_Midlands,8.34
2022-01-24 00:00:00+00:00,00:00,E,West_Midlands,8.42
2022-01-25 00:00:00+00:00,00:00,E,West_Midlands,9.67
2022-01-26 00:00:00+00:00,00:00,E,West_Midlands,9.65
2022-01-27 00:00:00+00:00,00:00,E,West_Midlands,9.35
2022-01-28 00:00:00+00:00,00:00,E,West_Midlands,9.29
2022-01-29 00:00:00+00:00,00:00,E,West_Midlands,10.14
2022-01-30 00:00:00+00:00,00:00,E,West_Midlands,10.14
2022-01-31 00:00:00+00:00,00:00,E,West_Midlands,9.61
2022-02-01 00:00:00+00:00,00:00,E,West_Midlands,8.43
2022-02-02 00:00:00+00:00,00:00,E,West_Midlands,7.89
2022-02-03 00:00:00+00:00,00:00,E,West_Midlands,7.9
2022-02-04 00:00:00+00:00,00:00,E,West_Midlands,8.18
2022-02-05 00:00:00+00:00,00:00,E,West_Midlands,8.43
2022-02-06 00:00:00+00:00,00:00,E,West_Midlands,8.43
2022-02-07 00:00:00+00:00,00:00,E,West_Midlands,8.55
2022-02-08 00:00:00+00:00,00:00,E,West_Midlands,8.14
2022-02-09 00:00:00+00:00,00:00,E,West_Midlands,8.0
2022-02-10 00:00:00+00:00,00:00,E,West_Midlands,8.12
2022-02-11 00:00:00+00:00,00:00,E,West_Midlands,8.0
2022-02-12 00:00:00+00:00,00:00,E,West_Midlands,8.02
2022-02-13 00:00:00+00:00,00:00,E,West_Midlands,8.02
2022-02-14 00:00:00+00:00,00:00,E,West_Midlands,8.12
2022-02-15 00:00:00+00:00,00:00,E,West_Midlands,8.4
2022-02-16 00:00:00+00:00,00:00,E,West_Midlands,7.34
2022-02-17 00:00:00+00:00,00:00,E,West_Midlands,7.53
2022-02-18 00:00:00+00:00,00:00,E,West_Midlands,7.95
2022-02-19 00:00:00+00:00,00:00,E,West_Midlands,7.82
2022-02-20 00:00:00+00:00,00:00,E,West_Midlands,7.82
2022-02-21 00:00:00+00:00,00:00,E,West_Midlands,7.83
2022-02-22 00:00:00+00:00,00:00,E,West_Midlands,7.72
2022-02-23 00:00:00+00:00,00:00,E,West_Midlands,8.27
2022-02-24 00:00:00+00:00,00:00,E,West_Midlands,9.24
2022-02-25 00:00:00+00:00,00:00,E,West_Midlands,11.91
2022-02-26 00:00:00+00:00,00:00,E,West_Midlands,8.66
2022-02-27 00:00:00+00:00,00:00,E,West_Midlands,8.66
2022-02-28 00:00:00+00:00,00:00,E,West_Midlands,9.06
2022-03-01 00:00:00+00:00,00:00,E,West_Midlands,9.95
2022-03-02 00:00:00+00:00,00:00,E,West_Midlands,12.38
2022-03-03 00:00:00+00:00,00:00,E,West_Midlands,16.21
2022-03-04 00:00:00+00:00,00:00,E,West_Midlands,14.35
2022-03-05 00:00:00+00:00,00:00,E,West_Midlands,18.59
2022-03-06 00:00:00+00:00,00:00,E,West_Midlands,18.59
2022-03-07 00:00:00+00:00,00:00,E,West_Midlands,19.0
2022-03-08 00:00:00+00:00,00:00,E,West_Midlands,24.03
2022-03-09 00:00:00+00:00,00:00,E,West_Midlands,20.01
2022-03-10 00:00:00+00:00,00:00,E,West_Midlands,17.92
2022-03-11 00:00:00+00:00,00:00,E,West_Midlands,13.37
2022-03-12 00:00:00+00:00,00:00,E,West_Midlands,12.97
2022-03-13 00:00:00+00:00,00:00,E,West_Midlands,12.97
2022-03-14 00:00:00+00:00,00:00,E,West_Midlands,13.23
2022-03-15 00:00:00+00:00,00:00,E,West_Midlands,11.26
2022-03-16 00:00:00+00:00,00:00,E,West_Midlands,11.48
2022-03-17 00:00:00+00:00,00:00,E,West_Midlands,9.91
2022-03-18 00:00:00+00:00,00:00,E,West_Midlands,10.57
2022-03-19 00:00:00+00:00,00:00,E,West_Midlands,9.64
2022-03-20 00:00:00+00:00,00:00,E,West_Midlands,9.64
2022-03-21 00:00:00+00:00,00:00,E,West_Midlands,9.66
2022-03-22 00:00:00+00:00,00:00,E,West_Midlands,8.94
2022-03-23 00:00:00+00:00,00:00,E,West_Midlands,9.79
2022-03-24 00:00:00+00:00,00:00,E,West_Midlands,10.19
2022-03-25 00:00:00+00:00,00:00,E,West_Midlands,9.81
2022-03-26 00:00:00+00:00,00:00,E,West_Midlands,9.29
2022-03-27 00:00:00+00:00,00:00,E,West_Midlands,9.29
2022-03-28 00:00:00+00:00,00:00,E,West_Midlands,9.45
2022-03-29 00:00:00+00:00,00:00,E,West_Midlands,10.7
2022-03-30 00:00:00+00:00,00:00,E,West_Midlands,10.87
2022-03-31 00:00:00+00:00,00:00,E,West_Midlands,11.74
2022-04-01 00:00:00+00:00,00:00,E,West_Midlands,12.07
2022-04-02 00:00:00+00:00,00:00,E,West_Midlands,10.55
2022-04-03 00:00:00+00:00,00:00,E,West_Midlands,10.55
2022-04-04 00:00:00+00:00,00:00,E,West_Midlands,10.71
2022-04-05 00:00:00+00:00,00:00,E,West_Midlands,9.74
2022-04-06 00:00:00+00:00,00:00,E,West_Midlands,10.03
2022-04-07 00:00:00+00:00,00:00,E,West_Midlands,10.33
2022-04-08 00:00:00+00:00,00:00,E,West_Midlands,10.14
2022-04-09 00:00:00+00:00,00:00,E,West_Midlands,8.66
2022-04-10 00:00:00+00:00,00:00,E,West_Midlands,8.66
2022-04-11 00:00:00+00:00,00:00,E,West_Midlands,9.04
2022-04-12 00:00:00+00:00,00:00,E,West_Midlands,8.63
2022-04-13 00:00:00+00:00,00:00,E,West_Midlands,8.26
2022-04-14 00:00:00+00:00,00:00,E,West_Midlands,8.52
2022-04-15 00:00:00+00:00,00:00,E,West_Midlands,4.49
2022-04-16 00:00:00+00:00,00:00,E,West_Midlands,4.49
2022-04-17 00:00:00+00:00,00:00,E,West_Midlands,4.49
2022-04-18 00:00:00+00:00,00:00,E,West_Midlands,4.49
2022-04-19 00:00:00+00:00,00:00,E,West_Midlands,5.06
2022-04-20 00:00:00+00:00,00:00,E,West_Midlands,7.42
2022-04-21 00:00:00+00:00,00:00,E,West_Midlands,6.43
2022-04-22 00:00:00+00:00,00:00,E,West_Midlands,6.49
2022-04-23 00:00:00+00:00,00:00,E,West_Midlands,6.22
2022-04-24 00:00:00+00:00,00:00,E,West_Midlands,6.22
2022-04-25 00:00:00+00:00,00:00,E,West_Midlands,6.16
2022-04-26 00:00:00+00:00,00:00,E,West_Midlands,5.79
2022-04-27 00:00:00+00:00,00:00,E,West_Midlands,6.97
2022-04-28 00:00:00+00:00,00:00,E,West_Midlands,5.68
2022-04-29 00:00:00+00:00,00:00,E,West_Midlands,5.57
2022-04-30 00:00:00+00:00,00:00,E,West_Midlands,4.66
2022-05-01 00:00:00+00:00,00:00,E,West_Midlands,4.66
2022-05-02 00:00:00+00:00,00:00,E,West_Midlands,4.66
2022-05-03 00:00:00+00:00,00:00,E,West_Midlands,4.77
2022-05-04 00:00:00+00:00,00:00,E,West_Midlands,5.51
2022-05-05 00:00:00+00:00,00:00,E,West_Midlands,5.37
2022-05-06 00:00:00+00:00,00:00,E,West_Midlands,4.95
2022-05-07 00:00:00+00:00,00:00,E,West_Midlands,2.97
2022-05-08 00:00:00+00:00,00:00,E,West_Midlands,2.97
2022-05-09 00:00:00+00:00,00:00,E,West_Midlands,2.97
2022-05-10 00:00:00+00:00,00:00,E,West_Midlands,2.78
2022-05-11 00:00:00+00:00,00:00,E,West_Midlands,2.71
2022-05-12 00:00:00+00:00,00:00,E,West_Midlands,3.01
2022-05-13 00:00:00+00:00,00:00,E,West_Midlands,2.4
2022-05-14 00:00:00+00:00,00:00,E,West_Midlands,3.84
2022-05-15 00:00:00+00:00,00:00,E,West_Midlands,3.84
2022-05-16 00:00:00+00:00,00:00,E,West_Midlands,3.54
2022-05-17 00:00:00+00:00,00:00,E,West_Midlands,4.68
2022-05-18 00:00:00+00:00,00:00,E,West_Midlands,4.39
2022-05-19 00:00:00+00:00,00:00,E,West_Midlands,4.92
2022-05-20 00:00:00+00:00,00:00,E,West_Midlands,4.47
2022-05-21 00:00:00+00:00,00:00,E,West_Midlands,4.92
2022-05-22 00:00:00+00:00,00:00,E,West_Midlands,4.92
2022-05-23 00:00:00+00:00,00:00,E,West_Midlands,5.3
2022-05-24 00:00:00+00:00,00:00,E,West_Midlands,6.05
2022-05-25 00:00:00+00:00,00:00,E,West_Midlands,5.8
2022-05-26 00:00:00+00:00,00:00,E,West_Midlands,4.79
2022-05-27 00:00:00+00:00,00:00,E,West_Midlands,4.68
2022-05-28 00:00:00+00:00,00:00,E,West_Midlands,6.99
2022-05-29 00:00:00+00:00,00:00,E,West_Midlands,6.99
2022-05-30 00:00:00+00:00,00:00,E,West_Midlands,6.62
2022-05-31 00:00:00+00:00,00:00,E,West_Midlands,6.89
2022-06-01 00:00:00+00:00,00:00,E,West_Midlands,6.89
2022-06-02 00:00:00+00:00,00:00,E,West_Midlands,4.6
2022-06-03 00:00:00+00:00,00:00,E,West_Midlands,4.6
2022-06-04 00:00:00+00:00,00:00,E,West_Midlands,4.6
2022-06-05 00:00:00+00:00,00:00,E,West_Midlands,4.6
2022-06-06 00:00:00+00:00,00:00,E,West_Midlands,5.06
2022-06-07 00:00:00+00:00,00:00,E,West_Midlands,5.86
2022-06-08 00:00:00+00:00,00:00,E,West_Midlands,5.85
2022-06-09 00:00:00+00:00,00:00,E,West_Midlands,4.34
2022-06-10 00:00:00+00:00,00:00,E,West_Midlands,1.64
2022-06-11 00:00:00+00:00,00:00,E,West_Midlands,3.92
2022-06-12 00:00:00+00:00,00:00,E,West_Midlands,3.92
2022-06-13 00:00:00+00:00,00:00,E,West_Midlands,4.34
2022-06-14 00:00:00+00:00,00:00,E,West_Midlands,6.74
2022-06-15 00:00:00+00:00,00:00,E,West_Midlands,7.47
2022-06-16 00:00:00+00:00,00:00,E,West_Midlands,8.83
2022-06-17 00:00:00+00:00,00:00,E,West_Midlands,8.53
2022-06-18 00:00:00+00:00,00:00,E,West_Midlands,5.83
2022-06-19 00:00:00+00:00,00:00,E,West_Midlands,5.83
2022-06-20 00:00:00+00:00,00:00,E,West_Midlands,6.37
2022-06-21 00:00:00+00:00,00:00,E,West_Midlands,7.5
2022-06-22 00:00:00+00:00,00:00,E,West_Midlands,8.67
2022-06-23 00:00:00+00:00,00:00,E,West_Midlands,7.95
2022-06-24 00:00:00+00:00,00:00,E,West_Midlands,7.89
2022-06-25 00:00:00+00:00,00:00,E,West_Midlands,6.85
2022-06-26 00:00:00+00:00,00:00,E,West_Midlands,6.85
2022-06-27 00:00:00+00:00,00:00,E,West_Midlands,6.67
2022-06-28 00:00:00+00:00,00:00,E,West_Midlands,6.52
2022-06-29 00:00:00+00:00,00:00,E,West_Midlands,7.28
2022-06-30 00:00:00+00:00,00:00,E,West_Midlands,7.49
2022-07-01 00:00:00+00:00,00:00,E,West_Midlands,7.05
2022-07-02 00:00:00+00:00,00:00,E,West_Midlands,7.33
2022-07-03 00:00:00+00:00,00:00,E,West_Midlands,7.33
2022-07-04 00:00:00+00:00,00:00,E,West_Midlands,7.35
2022-07-05 00:00:00+00:00,00:00,E,West_Midlands,9.8
2022-07-06 00:00:00+00:00,00:00,E,West_Midlands,11.03
2022-07-07 00:00:00+00:00,00:00,E,West_Midlands,7.7
2022-07-08 00:00:00+00:00,00:00,E,West_Midlands,9.27
2022-07-09 00:00:00+00:00,00:00,E,West_Midlands,7.63
2022-07-10 00:00:00+00:00,00:00,E,West_Midlands,7.63
2022-07-11 00:00:00+00:00,00:00,E,West_Midlands,7.53
2022-07-12 00:00:00+00:00,00:00,E,West_Midlands,9.54
2022-07-13 00:00:00+00:00,00:00,E,West_Midlands,10.56
2022-07-14 00:00:00+00:00,00:00,E,West_Midlands,11.73
2022-07-15 00:00:00+00:00,00:00,E,West_Midlands,9.36
2022-07-16 00:00:00+00:00,00:00,E,West_Midlands,8.12
2022-07-17 00:00:00+00:00,00:00,E,West_Midlands,8.12
2022-07-18 00:00:00+00:00,00:00,E,West_Midlands,7.82
2022-07-19 00:00:00+00:00,00:00,E,West_Midlands,7.62
2022-07-20 00:00:00+00:00,00:00,E,West_Midlands,8.25
2022-07-21 00:00:00+00:00,00:00,E,West_Midlands,10.68
2022-07-22 00:00:00+00:00,00:00,E,West_Midlands,11.89
2022-07-23 00:00:00+00:00,00:00,E,West_Midlands,11.4
2022-07-24 00:00:00+00:00,00:00,E,West_Midlands,11.4
2022-07-25 00:00:00+00:00,00:00,E,West_Midlands,10.85
2022-07-26 00:00:00+00:00,00:00,E,West_Midlands,11.07
2022-07-27 00:00:00+00:00,00:00,E,West_Midlands,13.48
2022-07-28 00:00:00+00:00,00:00,E,West_Midlands,14.03
2022-07-29 00:00:00+00:00,00:00,E,West_Midlands,13.18
2022-07-30 00:00:00+00:00,00:00,E,West_Midlands,11.32
2022-07-31 00:00:00+00:00,00:00,E,West_Midlands,11.32
2022-08-01 00:00:00+00:00,00:00,E,West_Midlands,11.2
2022-08-02 00:00:00+00:00,00:00,E,West_Midlands,11.31
2022-08-03 00:00:00+00:00,00:00,E,West_Midlands,10.59
2022-08-04 00:00:00+00:00,00:00,E,West_Midlands,12.19
2022-08-05 00:00:00+00:00,00:00,E,West_Midlands,11.09
2022-08-06 00:00:00+00:00,00:00,E,West_Midlands,11.37
2022-08-07 00:00:00+00:00,00:00,E,West_Midlands,11.37
2022-08-08 00:00:00+00:00,00:00,E,West_Midlands,11.91
2022-08-09 00:00:00+00:00,00:00,E,West_Midlands,11.56
2022-08-10 00:00:00+00:00,00:00,E,West_Midlands,12.07
2022-08-11 00:00:00+00:00,00:00,E,West_Midlands,10.84
2022-08-12 00:00:00+00:00,00:00,E,West_Midlands,14.03
2022-08-13 00:00:00+00:00,00:00,E,West_Midlands,15.12
2022-08-14 00:00:00+00:00,00:00,E,West_Midlands,15.12
2022-08-15 00:00:00+00:00,00:00,E,West_Midlands,14.93
2022-08-16 00:00:00+00:00,00:00,E,West_Midlands,15.28
2022-08-17 00:00:00+00:00,00:00,E,West_Midlands,14.87
2022-08-18 00:00:00+00:00,00:00,E,West_Midlands,15.17
2022-08-19 00:00:00+00:00,00:00,E,West_Midlands,15.55
2022-08-20 00:00:00+00:00,00:00,E,West_Midlands,14.92
2022-08-21 00:00:00+00:00,00:00,E,West_Midlands,14.92
2022-08-22 00:00:00+00:00,00:00,E,West_Midlands,15.08
2022-08-23 00:00:00+00:00,00:00,E,West_Midlands,19.64
2022-08-24 00:00:00+00:00,00:00,E,West_Midlands,16.21
2022-08-25 00:00:00+00:00,00:00,E,West_Midlands,20.53
2022-08-26 00:00:00+00:00,00:00,E,West_Midlands,21.38
2022-08-27 00:00:00+00:00,00:00,E,West_Midlands,22.34
2022-08-28 00:00:00+00:00,00:00,E,West_Midlands,22.34
2022-08-29 00:00:00+00:00,00:00,E,West_Midlands,22.34
2022-08-30 00:00:00+00:00,00:00,E,West_Midlands,20.43
2022-08-31 00:00:00+00:00,00:00,E,West_Midlands,17.43
2022-09-01 00:00:00+00:00,00:00,E,West_Midlands,12.27
2022-09-02 00:00:00+00:00,00:00,E,West_Midlands,13.98
2022-09-03 00:00:00+00:00,00:00,E,West_Midlands,6.76
2022-09-04 00:00:00+00:00,00:00,E,West_Midlands,6.76
2022-09-05 00:00:00+00:00,00:00,E,West_Midlands,6.2
2022-09-06 00:00:00+00:00,00:00,E,West_Midlands,10.66
2022-09-07 00:00:00+00:00,00:00,E,West_Midlands,7.23
2022-09-08 00:00:00+00:00,00:00,E,West_Midlands,10.12
2022-09-09 00:00:00+00:00,00:00,E,West_Midlands,14.35
2022-09-10 00:00:00+00:00,00:00,E,West_Midlands,13.47
2022-09-11 00:00:00+00:00,00:00,E,West_Midlands,13.47
2022-09-12 00:00:00+00:00,00:00,E,West_Midlands,13.61
2022-09-13 00:00:00+00:00,00:00,E,West_Midlands,13.6
2022-09-14 00:00:00+00:00,00:00,E,West_Midlands,14.26
2022-09-15 00:00:00+00:00,00:00,E,West_Midlands,9.27
2022-09-16 00:00:00+00:00,00:00,E,West_Midlands,13.6
2022-09-17 00:00:00+00:00,00:00,E,West_Midlands,8.47
2022-09-18 00:00:00+00:00,00:00,E,West_Midlands,8.47
2022-09-19 00:00:00+00:00,00:00,E,West_Midlands,8.47
2022-09-20 00:00:00+00:00,00:00,E,West_Midlands,10.26
2022-09-21 00:00:00+00:00,00:00,E,West_Midlands,10.71
2022-09-22 00:00:00+00:00,00:00,E,West_Midlands,10.12
2022-09-23 00:00:00+00:00,00:00,E,West_Midlands,10.75
2022-09-24 00:00:00+00:00,00:00,E,West_Midlands,9.16
2022-09-25 00:00:00+00:00,00:00,E,West_Midlands,9.16
2022-09-26 00:00:00+00:00,00:00,E,West_Midlands,9.08
2022-09-27 00:00:00+00:00,00:00,E,West_Midlands,7.95
2022-09-28 00:00:00+00:00,00:00,E,West_Midlands,8.7
2022-09-29 00:00:00+00:00,00:00,E,West_Midlands,10.01
2022-09-30 00:00:00+00:00,00:00,E,West_Midlands,8.1
2022-10-01 00:00:00+00:00,00:00,E,West_Midlands,7.91
2022-10-02 00:00:00+00:00,00:00,E,West_Midlands,7.91
2022-10-03 00:00:00+00:00,00:00,E,West_Midlands,7.72
2022-10-04 00:00:00+00:00,00:00,E,West_Midlands,6.88
2022-10-05 00:00:00+00:00,00:00,E,West_Midlands,5.7
2022-10-06 00:00:00+00:00,00:00,E,West_Midlands,5.78
2022-10-07 00:00:00+00:00,00:00,E,West_Midlands,7.91
2022-10-08 00:00:00+00:00,00:00,E,West_Midlands,7.6
2022-10-09 00:00:00+00:00,00:00,E,West_Midlands,7.6
2022-10-10 00:00:00+00:00,00:00,E,West_Midlands,7.64
2022-10-11 00:00:00+00:00,00:00,E,West_Midlands,7.34
2022-10-12 00:00:00+00:00,00:00,E,West_Midlands,7.64
2022-10-13 00:00:00+00:00,00:00,E,West_Midlands,7.81
2022-10-14 00:00:00+00:00,00:00,E,West_Midlands,6.43
2022-10-15 00:00:00+00:00,00:00,E,West_Midlands,4.68
2022-10-16 00:00:00+00:00,00:00,E,West_Midlands,4.68
2022-10-17 00:00:00+00:00,00:00,E,West_Midlands,4.49
2022-10-18 00:00:00+00:00,00:00,E,West_Midlands,3.67
2022-10-19 00:00:00+00:00,00:00,E,West_Midlands,1.94
2022-10-20 00:00:00+00:00,00:00,E,West_Midlands,3.23
2022-10-21 00:00:00+00:00,00:00,E,West_Midlands,4.87
2022-10-22 00:00:00+00:00,00:00,E,West_Midlands,3.61
2022-10-23 00:00:00+00:00,00:00,E,West_Midlands,3.61
2022-10-24 00:00:00+00:00,00:00,E,West_Midlands,3.65
2022-10-25 00:00:00+00:00,00:00,E,West_Midlands,2.74
2022-10-26 00:00:00+00:00,00:00,E,West_Midlands,2.51
2022-10-27 00:00:00+00:00,00:00,E,West_Midlands,2.97
2022-10-28 00:00:00+00:00,00:00,E,West_Midlands,3.54
2022-10-29 00:00:00+00:00,00:00,E,West_Midlands,3.8
2022-10-30 00:00:00+00:00,00:00,E,West_Midlands,3.8
2022-10-31 00:00:00+00:00,00:00,E,West_Midlands,4.03
2022-11-01 00:00:00+00:00,00:00,E,West_Midlands,3.63
2022-11-02 00:00:00+00:00,00:00,E,West_Midlands,3.08
2022-11-03 00:00:00+00:00,00:00,E,West_Midlands,5.63
2022-11-04 00:00:00+00:00,00:00,E,West_Midlands,6.01
2022-11-05 00:00:00+00:00,00:00,E,West_Midlands,5.06
2022-11-06 00:00:00+00:00,00:00,E,West_Midlands,5.06
2022-11-07 00:00:00+00:00,00:00,E,West_Midlands,4.99
2022-11-08 00:00:00+00:00,00:00,E,West_Midlands,4.6
2022-11-09 00:00:00+00:00,00:00,E,West_Midlands,5.02
2022-11-10 00:00:00+00:00,00:00,E,West_Midlands,4.76
2022-11-11 00:00:00+00:00,00:00,E,West_Midlands,4.64
2022-11-12 00:00:00+00:00,00:00,E,West_Midlands,4.87
2022-11-13 00:00:00+00:00,00:00,E,West_Midlands,4.87
2022-11-14 00:00:00+00:00,00:00,E,West_Midlands,5.06
2022-11-15 00:00:00+00:00,00:00,E,West_Midlands,4.95
2022-11-16 00:00:00+00:00,00:00,E,West_Midlands,5.47
2022-11-17 00:00:00+00:00,00:00,E,West_Midlands,4.29
2022-11-18 00:00:00+00:00,00:00,E,West_Midlands,5.21
2022-11-19 00:00:00+00:00,00:00,E,West_Midlands,5.18
2022-11-20 00:00:00+00:00,00:00,E,West_Midlands,5.18
2022-11-21 00:00:00+00:00,00:00,E,West_Midlands,5.21
2022-11-22 00:00:00+00:00,00:00,E,West_Midlands,5.32
2022-11-23 00:00:00+00:00,00:00,E,West_Midlands,5.44
2022-11-24 00:00:00+00:00,00:00,E,West_Midlands,5.86
2022-11-25 00:00:00+00:00,00:00,E,West_Midlands,7.26
2022-11-26 00:00:00+00:00,00:00,E,West_Midlands,7.3
2022-11-27 00:00:00+00:00,00:00,E,West_Midlands,7.3
2022-11-28 00:00:00+00:00,00:00,E,West_Midlands,7.3
2022-11-29 00:00:00+00:00,00:00,E,West_Midlands,11.97
2022-11-30 00:00:00+00:00,00:00,E,West_Midlands,13.37
2022-12-01 00:00:00+00:00,00:00,E,West_Midlands,14.09
2022-12-02 00:00:00+00:00,00:00,E,West_Midlands,13.79
2022-12-03 00:00:00+00:00,00:00,E,West_Midlands,13.03
2022-12-04 00:00:00+00:00,00:00,E,West_Midlands,13.03
2022-12-05 00:00:00+00:00,00:00,E,West_Midlands,13.18
2022-12-06 00:00:00+00:00,00:00,E,West_Midlands,13.79
2022-12-07 00:00:00+00:00,00:00,E,West_Midlands,14.35
2022-12-08 00:00:00+00:00,00:00,E,West_Midlands,15.42
2022-12-09 00:00:00+00:00,00:00,E,West_Midlands,14.36
2022-12-10 00:00:00+00:00,00:00,E,West_Midlands,15.48
2022-12-11 00:00:00+00:00,00:00,E,West_Midlands,15.48
2022-12-12 00:00:00+00:00,00:00,E,West_Midlands,14.93
2022-12-13 00:00:00+00:00,00:00,E,West_Midlands,14.27
2022-12-14 00:00:00+00:00,00:00,E,West_Midlands,14.54
2022-12-15 00:00:00+00:00,00:00,E,West_Midlands,13.94
2022-12-16 00:00:00+00:00,00:00,E,West_Midlands,14.16
2022-12-17 00:00:00+00:00,00:00,E,West_Midlands,12.46
2022-12-18 00:00:00+00:00,00:00,E,West_Midlands,12.46
2022-12-19 00:00:00+00:00,00:00,E,West_Midlands,11.98
2022-12-20 00:00:00+00:00,00:00,E,West_Midlands,10.75
2022-12-21 00:00:00+00:00,00:00,E,West_Midlands,9.9
2022-12-22 00:00:00+00:00,00:00,E,West_Midlands,8.85
2022-12-23 00:00:00+00:00,00:00,E,West_Midlands,8.43
2022-12-24 00:00:00+00:00,00:00,E,West_Midlands,7.37
2022-12-25 00:00:00+00:00,00:00,E,West_Midlands,7.37
2022-12-26 00:00:00+00:00,00:00,E,West_Midlands,7.37
2022-12-27 00:00:00+00:00,00:00,E,West_Midlands,7.37
2022-12-28 00:00:00+00:00,00:00,E,West_Midlands,7.34
2022-12-29 00:00:00+00:00,00:00,E,West_Midlands,7.3
2022-12-30 00:00:00+00:00,00:00,E,West_Midlands,7.74
2022-12-31 00:00:00+00:00,00:00,E,West_Midlands,7.83
2023-01-01 00:00:00+00:00,00:00,E,West_Midlands,7.83
2023-01-02 00:00:00+00:00,00:00,E,West_Midlands,7.83
2023-01-03 00:00:00+00:00,00:00,E,West_Midlands,6.86
2023-01-04 00:00:00+00:00,00:00,E,West_Midlands,7.72
2023-01-05 00:00:00+00:00,00:00,E,West_Midlands,6.5
2023-01-06 00:00:00+00:00,00:00,E,West_Midlands,6.85
2023-01-07 00:00:00+00:00,00:00,E,West_Midlands,7.15
2023-01-08 00:00:00+00:00,00:00,E,West_Midlands,7.15
2023-01-09 00:00:00+00:00,00:00,E,West_Midlands,7.28
2023-01-10 00:00:00+00:00,00:00,E,West_Midlands,7.75
2023-01-11 00:00:00+00:00,00:00,E,West_Midlands,7.13
2023-01-12 00:00:00+00:00,00:00,E,West_Midlands,7.04
2023-01-13 00:00:00+00:00,00:00,E,West_Midlands,7.53
2023-01-14 00:00:00+00:00,00:00,E,West_Midlands,7.26
2023-01-15 00:00:00+00:00,00:00,E,West_Midlands,7.26
2023-01-16 00:00:00+00:00,00:00,E,West_Midlands,7.6
2023-01-17 00:00:00+00:00,00:00,E,West_Midlands,6.62
2023-01-18 00:00:00+00:00,00:00,E,West_Midlands,6.83
2023-01-19 00:00:00+00:00,00:00,E,West_Midlands,7.34
2023-01-20 00:00:00+00:00,00:00,E,West_Midlands,7.26
2023-01-21 00:00:00+00:00,00:00,E,West_Midlands,7.86
2023-01-22 00:00:00+00:00,00:00,E,West_Midlands,7.86
2023-01-23 00:00:00+00:00,00:00,E,West_Midlands,7.79
2023-01-24 00:00:00+00:00,00:00,E,West_Midlands,7.68
2023-01-25 00:00:00+00:00,00:00,E,West_Midlands,6.92
2023-01-26 00:00:00+00:00,00:00,E,West_Midlands,6.73
2023-01-27 00:00:00+00:00,00:00,E,West_Midlands,6.66
2023-01-28 00:00:00+00:00,00:00,E,West_Midlands,6.78
2023-01-29 00:00:00+00:00,00:00,E,West_Midlands,6.78
2023-01-30 00:00:00+00:00,00:00,E,West_Midlands,6.69
2023-01-31 00:00:00+00:00,00:00,E,West_Midlands,6.51
2023-02-01 00:00:00+00:00,00:00,E,West_Midlands,6.87
2023-02-02 00:00:00+00:00,00:00,E,West_Midlands,6.99
2023-02-03 00:00:00+00:00,00:00,E,West_Midlands,6.64
2023-02-04 00:00:00+00:00,00:00,E,West_Midlands,7.07
2023-02-05 00:00:00+00:00,00:00,E,West_Midlands,7.07
2023-02-06 00:00:00+00:00,00:00,E,West_Midlands,7.07
2023-02-07 00:00:00+00:00,00:00,E,West_Midlands,7.01
2023-02-08 00:00:00+00:00,00:00,E,West_Midlands,6.64
2023-02-09 00:00:00+00:00,00:00,E,West_Midlands,6.46
2023-02-10 00:00:00+00:00,00:00,E,West_Midlands,6.27
2023-02-11 00:00:00+00:00,00:00,E,West_Midlands,6.5
2023-02-12 00:00:00+00:00,00:00,E,West_Midlands,6.5
2023-02-13 00:00:00+00:00,00:00,E,West_Midlands,6.51
2023-02-14 00:00:00+00:00,00:00,E,West_Midlands,6.2
2023-02-15 00:00:00+00:00,00:00,E,West_Midlands,6.25
2023-02-16 00:00:00+00:00,00:00,E,West_Midlands,6.43
2023-02-17 00:00:00+00:00,00:00,E,West_Midlands,5.96
2023-02-18 00:00:00+00:00,00:00,E,West_Midlands,5.75
2023-02-19 00:00:00+00:00,00:00,E,West_Midlands,5.75
2023-02-20 00:00:00+00:00,00:00,E,West_Midlands,5.78
2023-02-21 00:00:00+00:00,00:00,E,West_Midlands,5.89
2023-02-22 00:00:00+00:00,00:00,E,West_Midlands,5.93
2023-02-23 00:00:00+00:00,00:00,E,West_Midlands,6.07
2023-02-24 00:00:00+00:00,00:00,E,West_Midlands,6.08
2023-02-25 00:00:00+00:00,00:00,E,West_Midlands,6.16
2023-02-26 00:00:00+00:00,00:00,E,West_Midlands,6.16
2023-02-27 00:00:00+00:00,00:00,E,West_Midlands,6.24
2023-02-28 00:00:00+00:00,00:00,E,West_Midlands,5.89
2023-03-01 00:00:00+00:00,00:00,E,West_Midlands,5.86
2023-03-02 00:00:00+00:00,00:00,E,West_Midlands,6.02
2023-03-03 00:00:00+00:00,00:00,E,West_Midlands,5.97
2023-03-04 00:00:00+00:00,00:00,E,West_Midlands,5.75
2023-03-05 00:00:00+00:00,00:00,E,West_Midlands,5.75
2023-03-06 00:00:00+00:00,00:00,E,West_Midlands,5.76
2023-03-07 00:00:00+00:00,00:00,E,West_Midlands,5.59
2023-03-08 00:00:00+00:00,00:00,E,West_Midlands,5.75
2023-03-09 00:00:00+00:00,00:00,E,West_Midlands,5.57
2023-03-10 00:00:00+00:00,00:00,E,West_Midlands,5.7
2023-03-11 00:00:00+00:00,00:00,E,West_Midlands,6.51
2023-03-12 00:00:00+00:00,00:00,E,West_Midlands,6.51
2023-03-13 00:00:00+00:00,00:00,E,West_Midlands,6.44
2023-03-14 00:00:00+00:00,00:00,E,West_Midlands,6.01
2023-03-15 00:00:00+00:00,00:00,E,West_Midlands,5.67
2023-03-16 00:00:00+00:00,00:00,E,West_Midlands,5.18
2023-03-17 00:00:00+00:00,00:00,E,West_Midlands,5.21
2023-03-18 00:00:00+00:00,00:00,E,West_Midlands,5.02
2023-03-19 00:00:00+00:00,00:00,E,West_Midlands,5.02
2023-03-20 00:00:00+00:00,00:00,E,West_Midlands,5.0
2023-03-21 00:00:00+00:00,00:00,E,West_Midlands,4.71
2023-03-22 00:00:00+00:00,00:00,E,West_Midlands,4.97
2023-03-23 00:00:00+00:00,00:00,E,West_Midlands,4.83
2023-03-24 00:00:00+00:00,00:00,E,West_Midlands,5.06
2023-03-25 00:00:00+00:00,00:00,E,West_Midlands,5.16
2023-03-26 00:00:00+00:00,00:00,E,West_Midlands,5.16
2023-03-27 00:00:00+00:00,00:00,E,West_Midlands,5.14
2023-03-28 00:00:00+00:00,00:00,E,West_Midlands,5.12
2023-03-29 00:00:00+00:00,00:00,E,West_Midlands,5.02
2023-03-30 00:00:00+00:00,00:00,E,West_Midlands,5.09
2023-03-31 00:00:00+00:00,00:00,E,West_Midlands,5.28
2023-04-01 00:00:00+00:00,00:00,E,West_Midlands,5.67
2023-04-02 00:00:00+00:00,00:00,E,West_Midlands,5.67
2023-04-03 00:00:00+00:00,00:00,E,West_Midlands,5.69
2023-04-04 00:00:00+00:00,00:00,E,West_Midlands,6.08
2023-04-05 00:00:00+00:00,00:00,E,West_Midlands,5.51
2023-04-06 00:00:00+00:00,00:00,E,West_Midlands,5.24
2023-04-07 00:00:00+00:00,00:00,E,West_Midlands,5.24
2023-04-08 00:00:00+00:00,00:00,E,West_Midlands,5.24
2023-04-09 00:00:00+00:00,00:00,E,West_Midlands,5.24
2023-04-10 00:00:00+00:00,00:00,E,West_Midlands,5.24
2023-04-11 00:00:00+00:00,00:00,E,West_Midlands,5.24
2023-04-12 00:00:00+00:00,00:00,E,West_Midlands,5.05
2023-04-13 00:00:00+00:00,00:00,E,West_Midlands,5.06
2023-04-14 00:00:00+00:00,00:00,E,West_Midlands,5.08
2023-04-15 00:00:00+00:00,00:00,E,West_Midlands,4.97
2023-04-16 00:00:00+00:00,00:00,E,West_Midlands,4.97
2023-04-17 00:00:00+00:00,00:00,E,West_Midlands,4.99
2023-04-18 00:00:00+00:00,00:00,E,West_Midlands,4.97
2023-04-19 00:00:00+00:00,00:00,E,West_Midlands,5.09
2023-04-20 00:00:00+00:00,00:00,E,West_Midlands,4.87
2023-04-21 00:00:00+00:00,00:00,E,West_Midlands,4.92
2023-04-22 00:00:00+00:00,00:00,E,West_Midlands,5.0
2023-04-23 00:00:00+00:00,00:00,E,West_Midlands,5.0
2023-04-24 00:00:00+00:00,00:00,E,West_Midlands,4.98
2023-04-25 00:00:00+00:00,00:00,E,West_Midlands,4.96
2023-04-26 00:00:00+00:00,00:00,E,West_Midlands,4.97
2023-04-27 00:00:00+00:00,00:00,E,West_Midlands,4.69
2023-04-28 00:00:00+00:00,00:00,E,West_Midlands,4.68
2023-04-29 00:00:00+00:00,00:00,E,West_Midlands,4.68
2023-04-30 00:00:00+00:00,00:00,E,West_Midlands,4.68
2023-05-01 00:00:00+00:00,00:00,E,West_Midlands,4.68
2023-05-02 00:00:00+00:00,00:00,E,West_Midlands,4.68
2023-05-03 00:00:00+00:00,00:00,E,West_Midlands,4.51
2023-05-04 00:00:00+00:00,00:00,E,West_Midlands,4.39
2023-05-05 00:00:00+00:00,00:00,E,West_Midlands,4.39
2023-05-06 00:00:00+00:00,00:00,E,West_Midlands,4.39
2023-05-07 00:00:00+00:00,00:00,E,West_Midlands,4.39
2023-05-08 00:00:00+00:00,00:00,E,West_Midlands,4.39
2023-05-09 00:00:00+00:00,00:00,E,West_Midlands,4.39
2023-05-10 00:00:00+00:00,00:00,E,West_Midlands,4.48
2023-05-11 00:00:00+00:00,00:00,E,West_Midlands,4.36
2023-05-12 00:00:00+00:00,00:00,E,West_Midlands,4.24
2023-05-13 00:00:00+00:00,00:00,E,West_Midlands,4.24
2023-05-14 00:00:00+00:00,00:00,E,West_Midlands,4.24
2023-05-15 00:00:00+00:00,00:00,E,West_Midlands,4.24
2023-05-16 00:00:00+00:00,00:00,E,West_Midlands,4.03
2023-05-17 00:00:00+00:00,00:00,E,West_Midlands,4.08
2023-05-18 00:00:00+00:00,00:00,E,West_Midlands,3.98
2023-05-19 00:00:00+00:00,00:00,E,West_Midlands,3.7
2023-05-20 00:00:00+00:00,00:00,E,West_Midlands,3.67
2023-05-21 00:00:00+00:00,00:00,E,West_Midlands,3.67
2023-05-22 00:00:00+00:00,00:00,E,West_Midlands,3.75
2023-05-23 00:00:00+00:00,00:00,E,West_Midlands,3.71
2023-05-24 00:00:00+00:00,00:00,E,West_Midlands,3.82
2023-05-25 00:00:00+00:00,00:00,E,West_Midlands,3.75
2023-05-26 00:00:00+00:00,00:00,E,West_Midlands,3.46
2023-05-27 00:00:00+00:00,00:00,E,West_Midlands,3.46
2023-05-28 00:00:00+00:00,00:00,E,West_Midlands,3.46
2023-05-29 00:00:00+00:00,00:00,E,West_Midlands,3.46
2023-05-30 00:00:00+00:00,00:00,E,West_Midlands,3.48
2023-05-31 00:00:00+00:00,00:00,E,West_Midlands,3.56
2023-06-01 00:00:00+00:00,00:00,E,West_Midlands,3.65
2023-06-02 00:00:00+00:00,00:00,E,West_Midlands,3.39
2023-06-03 00:00:00+00:00,00:00,E,West_Midlands,3.42
2023-06-04 00:00:00+00:00,00:00,E,West_Midlands,3.42
2023-06-05 00:00:00+00:00,00:00,E,West_Midlands,3.41
2023-06-06 00:00:00+00:00,00:00,E,West_Midlands,3.88
2023-06-07 00:00:00+00:00,00:00,E,West_Midlands,3.69
2023-06-08 00:00:00+00:00,00:00,E,West_Midlands,3.74
2023-06-09 00:00:00+00:00,00:00,E,West_Midlands,3.75
2023-06-10 00:00:00+00:00,00:00,E,West_Midlands,4.21
2023-06-11 00:00:00+00:00,00:00,E,West_Midlands,4.21
2023-06-12 00:00:00+00:00,00:00,E,West_Midlands,4.29
2023-06-13 00:00:00+00:00,00:00,E,West_Midlands,4.15
2023-06-14 00:00:00+00:00,00:00,E,West_Midlands,4.01
2023-06-15 00:00:00+00:00,00:00,E,West_Midlands,4.9
2023-06-16 00:00:00+00:00,00:00,E,West_Midlands,5.2
2023-06-17 00:00:00+00:00,00:00,E,West_Midlands,4.39
2023-06-18 00:00:00+00:00,00:00,E,West_Midlands,4.39
2023-06-19 00:00:00+00:00,00:00,E,West_Midlands,4.38
2023-06-20 00:00:00+00:00,00:00,E,West_Midlands,4.29
2023-06-21 00:00:00+00:00,00:00,E,West_Midlands,4.82
2023-06-22 00:00:00+00:00,00:00,E,West_Midlands,4.8
2023-06-23 00:00:00+00:00,00:00,E,West_Midlands,4.53
2023-06-24 00:00:00+00:00,00:00,E,West_Midlands,4.26
2023-06-24 23:00:00+00:00,00:00,E,West_Midlands,4.2525
2023-06-25 00:00:00+00:00,00:00,E,West_Midlands,4.26
2023-06-25 23:00:00+00:00,00:00,E,West_Midlands,4.263
2023-06-26 00:00:00+00:00,00:00,E,West_Midlands,4.27
2023-06-26 23:00:00+00:00,00:00,E,West_Midlands,4.2945
2023-06-27 00:00:00+00:00,00:00,E,West_Midlands,4.3
2023-06-27 23:00:00+00:00,00:00,E,West_Midlands,4.5255
2023-06-28 00:00:00+00:00,00:00,E,West_Midlands,4.54
2023-06-28 23:00:00+00:00,00:00,E,West_Midlands,4.452
2023-06-29 00:00:00+00:00,00:00,E,West_Midlands,4.46
2023-06-29 23:00:00+00:00,00:00,E,West_Midlands,4.473
2023-06-30 00:00:00+00:00,00:00,E,West_Midlands,4.48
2023-06-30 23:00:00+00:00,00:00,E,West_Midlands,4.473
2023-07-01 00:00:00+00:00,00:00,E,West_Midlands,4.48
2023-07-01 23:00:00+00:00,00:00,E,West_Midlands,4.473
2023-07-02 00:00:00+00:00,00:00,E,West_Midlands,4.48
2023-07-02 23:00:00+00:00,00:00,E,West_Midlands,4.473
2023-07-03 00:00:00+00:00,00:00,E,West_Midlands,4.48
2023-07-03 23:00:00+00:00,00:00,E,West_Midlands,4.4415
2023-07-04 00:00:00+00:00,00:00,E,West_Midlands,4.45
2023-07-04 23:00:00+00:00,00:00,E,West_Midlands,4.494
2023-07-05 00:00:00+00:00,00:00,E,West_Midlands,4.51
2023-07-05 23:00:00+00:00,00:00,E,West_Midlands,4.4205
2023-07-06 00:00:00+00:00,00:00,E,West_Midlands,4.43
2023-07-06 23:00:00+00:00,00:00,E,West_Midlands,4.1895
2023-07-07 00:00:00+00:00,00:00,E,West_Midlands,4.2
2023-07-07 23:00:00+00:00,00:00,E,West_Midlands,4.2735
2023-07-08 00:00:00+00:00,00:00,E,West_Midlands,4.28
2023-07-08 23:00:00+00:00,00:00,E,West_Midlands,4.2735
2023-07-09 00:00:00+00:00,00:00,E,West_Midlands,4.28
2023-07-09 23:00:00+00:00,00:00,E,West_Midlands,4.326
2023-07-10 00:00:00+00:00,00:00,E,West_Midlands,4.34
2023-07-10 23:00:00+00:00,00:00,E,West_Midlands,3.99
2023-07-11 00:00:00+00:00,00:00,E,West_Midlands,4.0
2023-07-11 23:00:00+00:00,00:00,E,West_Midlands,4.0005
2023-07-12 00:00:00+00:00,00:00,E,West_Midlands,4.01
2023-07-12 23:00:00+00:00,00:00,E,West_Midlands,3.7275
2023-07-13 00:00:00+00:00,00:00,E,West_Midlands,3.74
2023-07-13 23:00:00+00:00,00:00,E,West_Midlands,3.696
2023-07-14 00:00:00+00:00,00:00,E,West_Midlands,3.7
2023-07-14 23:00:00+00:00,00:00,E,West_Midlands,3.696
2023-07-15 00:00:00+00:00,00:00,E,West_Midlands,3.7
2023-07-15 23:00:00+00:00,00:00,E,West_Midlands,3.654
2023-07-16 00:00:00+00:00,00:00,E,West_Midlands,3.66
2023-07-16 23:00:00+00:00,00:00,E,West_Midlands,3.696
2023-07-17 00:00:00+00:00,00:00,E,West_Midlands,3.7
2023-07-17 23:00:00+00:00,00:00,E,West_Midlands,3.57
2023-07-18 00:00:00+00:00,00:00,E,West_Midlands,3.57
2023-07-18 23:00:00+00:00,00:00,E,West_Midlands,3.738
2023-07-19 00:00:00+00:00,00:00,E,West_Midlands,3.75
2023-07-19 23:00:00+00:00,00:00,E,West_Midlands,3.696
2023-07-20 00:00:00+00:00,00:00,E,West_Midlands,3.71
2023-07-20 23:00:00+00:00,00:00,E,West_Midlands,3.885
2023-07-21 00:00:00+00:00,00:00,E,West_Midlands,3.9
2023-07-21 23:00:00+00:00,00:00,E,West_Midlands,3.7905
2023-07-22 00:00:00+00:00,00:00,E,West_Midlands,3.8
2023-07-22 23:00:00+00:00,00:00,E,West_Midlands,3.7905
2023-07-23 00:00:00+00:00,00:00,E,West_Midlands,3.8
2023-07-23 23:00:00+00:00,00:00,E,West_Midlands,3.801
2023-07-24 00:00:00+00:00,00:00,E,West_Midlands,3.8
2023-07-24 23:00:00+00:00,00:00,E,West_Midlands,4.0635
2023-07-25 00:00:00+00:00,00:00,E,West_Midlands,4.07
2023-07-25 23:00:00+00:00,00:00,E,West_Midlands,4.0635
2023-07-26 00:00:00+00:00,00:00,E,West_Midlands,4.07
2023-07-26 23:00:00+00:00,00:00,E,West_Midlands,3.9375
2023-07-27 00:00:00+00:00,00:00,E,West_Midlands,3.95
2023-07-27 23:00:00+00:00,00:00,E,West_Midlands,3.8535
2023-07-28 00:00:00+00:00,00:00,E,West_Midlands,3.86
2023-07-28 23:00:00+00:00,00:00,E,West_Midlands,3.57
2023-07-29 00:00:00+00:00,00:00,E,West_Midlands,3.57
2023-07-29 23:00:00+00:00,00:00,E,West_Midlands,3.57
2023-07-30 00:00:00+00:00,00:00,E,West_Midlands,3.57
2023-07-30 23:00:00+00:00,00:00,E,West_Midlands,3.633
2023-07-31 00:00:00+00:00,00:00,E,West_Midlands,3.64
2023-07-31 23:00:00+00:00,00:00,E,West_Midlands,3.78
2023-08-01 00:00:00+00:00,00:00,E,West_Midlands,3.79
2023-08-01 23:00:00+00:00,00:00,E,West_Midlands,3.6855
2023-08-02 00:00:00+00:00,00:00,E,West_Midlands,3.69
2023-08-02 23:00:00+00:00,00:00,E,West_Midlands,3.8325
2023-08-03 00:00:00+00:00,00:00,E,West_Midlands,3.84
2023-08-03 23:00:00+00:00,00:00,E,West_Midlands,4.074
2023-08-04 00:00:00+00:00,00:00,E,West_Midlands,4.08
2023-08-04 23:00:00+00:00,00:00,E,West_Midlands,3.9795
2023-08-05 00:00:00+00:00,00:00,E,West_Midlands,3.99
2023-08-05 23:00:00+00:00,00:00,E,West_Midlands,3.9795
2023-08-06 00:00:00+00:00,00:00,E,West_Midlands,3.99
2023-08-06 23:00:00+00:00,00:00,E,West_Midlands,3.9795
2023-08-07 00:00:00+00:00,00:00,E,West_Midlands,3.99
2023-08-07 23:00:00+00:00,00:00,E,West_Midlands,3.99
2023-08-08 00:00:00+00:00,00:00,E,West_Midlands,4.0
2023-08-08 23:00:00+00:00,00:00,E,West_Midlands,4.0215
2023-08-09 00:00:00+00:00,00:00,E,West_Midlands,4.03
2023-08-09 23:00:00+00:00,00:00,E,West_Midlands,4.7565
2023-08-10 00:00:00+00:00,00:00,E,West_Midlands,4.77
2023-08-10 23:00:00+00:00,00:00,E,West_Midlands,4.473
2023-08-11 00:00:00+00:00,00:00,E,West_Midlands,4.49
2023-08-11 23:00:00+00:00,00:00,E,West_Midlands,4.1685
2023-08-12 00:00:00+00:00,00:00,E,West_Midlands,4.18
2023-08-12 23:00:00+00:00,00:00,E,West_Midlands,4.1685
2023-08-13 00:00:00+00:00,00:00,E,West_Midlands,4.18
2023-08-13 23:00:00+00:00,00:00,E,West_Midlands,4.2105
2023-08-14 00:00:00+00:00,00:00,E,West_Midlands,4.22
2023-08-14 23:00:00+00:00,00:00,E,West_Midlands,4.326
2023-08-15 00:00:00+00:00,00:00,E,West_Midlands,4.34
2023-08-15 23:00:00+00:00,00:00,E,West_Midlands,4.6515
2023-08-16 00:00:00+00:00,00:00,E,West_Midlands,4.67
2023-08-16 23:00:00+00:00,00:00,E,West_Midlands,4.515
2023-08-17 00:00:00+00:00,00:00,E,West_Midlands,4.53
2023-08-17 23:00:00+00:00,00:00,E,West_Midlands,4.326
2023-08-18 00:00:00+00:00,00:00,E,West_Midlands,4.34
2023-08-18 23:00:00+00:00,00:00,E,West_Midlands,4.4625
2023-08-19 00:00:00+00:00,00:00,E,West_Midlands,4.47
2023-08-19 23:00:00+00:00,00:00,E,West_Midlands,4.4625
2023-08-20 00:00:00+00:00,00:00,E,West_Midlands,4.47
2023-08-20 23:00:00+00:00,00:00,E,West_Midlands,4.473
2023-08-21 00:00:00+00:00,00:00,E,West_Midlands,4.49
2023-08-21 23:00:00+00:00,00:00,E,West_Midlands,4.851
2023-08-22 00:00:00+00:00,00:00,E,West_Midlands,4.86
2023-08-22 23:00:00+00:00,00:00,E,West_Midlands,5.3445
2023-08-23 00:00:00+00:00,00:00,E,West_Midlands,5.37
2023-08-23 23:00:00+00:00,00:00,E,West_Midlands,4.746
2023-08-24 00:00:00+00:00,00:00,E,West_Midlands,4.76
2023-08-24 23:00:00+00:00,00:00,E,West_Midlands,4.3365
2023-08-25 00:00:00+00:00,00:00,E,West_Midlands,4.35
2023-08-25 23:00:00+00:00,00:00,E,West_Midlands,4.6515
2023-08-26 00:00:00+00:00,00:00,E,West_Midlands,4.67
2023-08-26 23:00:00+00:00,00:00,E,West_Midlands,4.6515
2023-08-27 00:00:00+00:00,00:00,E,West_Midlands,4.67
2023-08-27 23:00:00+00:00,00:00,E,West_Midlands,4.6515
2023-08-28 00:00:00+00:00,00:00,E,West_Midlands,4.67
2023-08-28 23:00:00+00:00,00:00,E,West_Midlands,4.6095
2023-08-29 00:00:00+00:00,00:00,E,West_Midlands,4.62
2023-08-29 23:00:00+00:00,00:00,E,West_Midlands,4.599
2023-08-30 00:00:00+00:00,00:00,E,West_Midlands,4.61
2023-08-30 23:00:00+00:00,00:00,E,West_Midlands,4.6725
2023-08-31 00:00:00+00:00,00:00,E,West_Midlands,4.68
2023-08-31 23:00:00+00:00,00:00,E,West_Midlands,4.515
2023-09-01 00:00:00+00:00,00:00,E,West_Midlands,4.53
2023-09-01 23:00:00+00:00,00:00,E,West_Midlands,4.41
2023-09-02 00:00:00+00:00,00:00,E,West_Midlands,4.42
2023-09-02 23:00:00+00:00,00:00,E,West_Midlands,4.41
2023-09-03 00:00:00+00:00,00:00,E,West_Midlands,4.42
2023-09-03 23:00:00+00:00,00:00,E,West_Midlands,4.3785
2023-09-04 00:00:00+00:00,00:00,E,West_Midlands,4.39
2023-09-04 23:00:00+00:00,00:00,E,West_Midlands,4.2525
2023-09-05 00:00:00+00:00,00:00,E,West_Midlands,4.26
2023-09-05 23:00:00+00:00,00:00,E,West_Midlands,4.3155
2023-09-06 00:00:00+00:00,00:00,E,West_Midlands,4.33
2023-09-06 23:00:00+00:00,00:00,E,West_Midlands,4.137
2023-09-07 00:00:00+00:00,00:00,E,West_Midlands,4.15
2023-09-07 23:00:00+00:00,00:00,E,West_Midlands,4.326
2023-09-08 00:00:00+00:00,00:00,E,West_Midlands,4.34
2023-09-08 23:00:00+00:00,00:00,E,West_Midlands,4.3785
2023-09-09 00:00:00+00:00,00:00,E,West_Midlands,4.39
2023-09-09 23:00:00+00:00,00:00,E,West_Midlands,4.3785
2023-09-10 00:00:00+00:00,00:00,E,West_Midlands,4.39
2023-09-10 23:00:00+00:00,00:00,E,West_Midlands,4.4415
2023-09-11 00:00:00+00:00,00:00,E,West_Midlands,4.45
2023-09-11 23:00:00+00:00,00:00,E,West_Midlands,4.7985
2023-09-12 00:00:00+00:00,00:00,E,West_Midlands,4.81
2023-09-12 23:00:00+00:00,00:00,E,West_Midlands,4.662
2023-09-13 00:00:00+00:00,00:00,E,West_Midlands,4.67
2023-09-13 23:00:00+00:00,00:00,E,West_Midlands,4.8195
2023-09-14 00:00:00+00:00,00:00,E,West_Midlands,4.84
2023-09-14 23:00:00+00:00,00:00,E,West_Midlands,4.662
2023-09-15 00:00:00+00:00,00:00,E,West_Midlands,4.67
2023-09-15 23:00:00+00:00,00:00,E,West_Midlands,4.7565
2023-09-16 00:00:00+00:00,00:00,E,West_Midlands,4.77
2023-09-16 23:00:00+00:00,00:00,E,West_Midlands,4.7565
2023-09-17 00:00:00+00:00,00:00,E,West_Midlands,4.77
2023-09-17 23:00:00+00:00,00:00,E,West_Midlands,4.746
2023-09-18 00:00:00+00:00,00:00,E,West_Midlands,4.76
2023-09-18 23:00:00+00:00,00:00,E,West_Midlands,4.515
2023-09-19 00:00:00+00:00,00:00,E,West_Midlands,4.53
2023-09-19 23:00:00+00:00,00:00,E,West_Midlands,4.851
2023-09-20 00:00:00+00:00,00:00,E,West_Midlands,4.86
2023-09-20 23:00:00+00:00,00:00,E,West_Midlands,4.914
2023-09-21 00:00:00+00:00,00:00,E,West_Midlands,4.92
2023-09-21 23:00:00+00:00,00:00,E,West_Midlands,5.04
2023-09-22 00:00:00+00:00,00:00,E,West_Midlands,5.05
2023-09-22 23:00:00+00:00,00:00,E,West_Midlands,5.1975
2023-09-23 00:00:00+00:00,00:00,E,West_Midlands,5.21
2023-09-23 23:00:00+00:00,00:00,E,West_Midlands,5.1975
2023-09-24 00:00:00+00:00,00:00,E,West_Midlands,5.21
2023-09-24 23:00:00+00:00,00:00,E,West_Midlands,5.166
2023-09-25 00:00:00+00:00,00:00,E,West_Midlands,5.18
2023-09-25 23:00:00+00:00,00:00,E,West_Midlands,5.481
2023-09-26 00:00:00+00:00,00:00,E,West_Midlands,5.49
2023-09-26 23:00:00+00:00,00:00,E,West_Midlands,5.0295
2023-09-27 00:00:00+00:00,00:00,E,West_Midlands,5.04
2023-09-27 23:00:00+00:00,00:00,E,West_Midlands,5.0295
2023-09-28 00:00:00+00:00,00:00,E,West_Midlands,5.04
2023-09-28 23:00:00+00:00,00:00,E,West_Midlands,4.9875
2023-09-29 00:00:00+00:00,00:00,E,West_Midlands,5.0
2023-09-29 23:00:00+00:00,00:00,E,West_Midlands,4.83
2023-09-30 00:00:00+00:00,00:00,E,West_Midlands,4.84
2023-09-30 23:00:00+00:00,00:00,E,West_Midlands,4.83
2023-10-01 23:00:00+00:00,00:00,E,West_Midlands,4.8405
2023-10-02 23:00:00+00:00,00:00,E,West_Midlands,4.326
2023-10-03 23:00:00+00:00,00:00,E,West_Midlands,4.0215
2023-10-04 23:00:00+00:00,00:00,E,West_Midlands,4.179
2023-10-05 23:00:00+00:00,00:00,E,West_Midlands,3.6435
2023-10-06 23:00:00+00:00,00:00,E,West_Midlands,4.2525
2023-10-07 23:00:00+00:00,00:00,E,West_Midlands,4.2525
2023-10-08 23:00:00+00:00,00:00,E,West_Midlands,4.2105
2023-10-09 23:00:00+00:00,00:00,E,West_Midlands,4.7985
2023-10-10 23:00:00+00:00,00:00,E,West_Midlands,5.3655
2023-10-11 23:00:00+00:00,00:00,E,West_Midlands,5.5335
2023-10-12 23:00:00+00:00,00:00,E,West_Midlands,5.691
2023-10-13 23:00:00+00:00,00:00,E,West_Midlands,6.426
2023-10-14 23:00:00+00:00,00:00,E,West_Midlands,6.426
2023-10-15 23:00:00+00:00,00:00,E,West_Midlands,6.489
2023-10-16 23:00:00+00:00,00:00,E,West_Midlands,5.313
2023-10-17 23:00:00+00:00,00:00,E,West_Midlands,5.0505
2023-10-18 23:00:00+00:00,00:00,E,West_Midlands,5.4285
2023-10-19 23:00:00+00:00,00:00,E,West_Midlands,5.1975
2023-10-20 23:00:00+00:00,00:00,E,West_Midlands,5.2395
2023-10-21 23:00:00+00:00,00:00,E,West_Midlands,5.2395
2023-10-22 23:00:00+00:00,00:00,E,West_Midlands,5.2185
2023-10-23 23:00:00+00:00,00:00,E,West_Midlands,5.754
2023-10-24 23:00:00+00:00,00:00,E,West_Midlands,5.7645
2023-10-25 23:00:00+00:00,00:00,E,West_Midlands,5.8485
2023-10-26 23:00:00+00:00,00:00,E,West_Midlands,5.7645
2023-10-27 23:00:00+00:00,00:00,E,West_Midlands,5.5755
2023-10-28 23:00:00+00:00,00:00,E,West_Midlands,5.5755
2023-10-30 00:00:00+00:00,00:00,E,West_Midlands,5.691
2023-10-31 00:00:00+00:00,00:00,E,West_Midlands,5.817
2023-11-01 00:00:00+00:00,00:00,E,West_Midlands,4.9455
2023-11-02 00:00:00+00:00,00:00,E,West_Midlands,4.557
2023-11-03 00:00:00+00:00,00:00,E,West_Midlands,4.9875
2023-11-04 00:00:00+00:00,00:00,E,West_Midlands,4.9875
2023-11-05 00:00:00+00:00,00:00,E,West_Midlands,4.9875
2023-11-06 00:00:00+00:00,00:00,E,West_Midlands,4.9875
2023-11-07 00:00:00+00:00,00:00,E,West_Midlands,5.019
2023-11-08 00:00:00+00:00,00:00,E,West_Midlands,5.25
2023-11-09 00:00:00+00:00,00:00,E,West_Midlands,5.3025
2023-11-10 00:00:00+00:00,00:00,E,West_Midlands,5.1975
2023-11-11 00:00:00+00:00,00:00,E,West_Midlands,5.124
2023-11-12 00:00:00+00:00,00:00,E,West_Midlands,5.124
2023-11-13 00:00:00+00:00,00:00,E,West_Midlands,5.1345
2023-11-14 00:00:00+00:00,00:00,E,West_Midlands,4.7985
2023-11-15 00:00:00+00:00,00:00,E,West_Midlands,5.0085
2023-11-16 00:00:00+00:00,00:00,E,West_Midlands,5.271
2023-11-17 00:00:00+00:00,00:00,E,West_Midlands,5.271
2023-11-18 00:00:00+00:00,00:00,E,West_Midlands,5.271
2023-11-19 00:00:00+00:00,00:00,E,West_Midlands,5.271
2023-11-20 00:00:00+00:00,00:00,E,West_Midlands,5.271
2023-11-21 00:00:00+00:00,00:00,E,West_Midlands,5.586
2023-11-22 00:00:00+00:00,00:00,E,West_Midlands,5.439
2023-11-23 00:00:00+00:00,00:00,E,West_Midlands,5.376
2023-11-24 00:00:00+00:00,00:00,E,West_Midlands,5.8065
2023-11-25 00:00:00+00:00,00:00,E,West_Midlands,5.8065
2023-11-26 00:00:00+00:00,00:00,E,West_Midlands,5.8065
2023-11-27 00:00:00+00:00,00:00,E,West_Midlands,5.8065
2023-11-28 00:00:00+00:00,00:00,E,West_Midlands,5.5335
2023-11-29 00:00:00+00:00,00:00,E,West_Midlands,5.628
2023-11-30 00:00:00+00:00,00:00,E,West_Midlands,5.376
2023-12-01 00:00:00+00:00,00:00,E,West_Midlands,5.4075
2023-12-02 00:00:00+00:00,00:00,E,West_Midlands,5.4705
2023-12-03 00:00:00+00:00,00:00,E,West_Midlands,5.4705
2023-12-04 00:00:00+00:00,00:00,E,West_Midlands,5.502
2023-12-05 00:00:00+00:00,00:00,E,West_Midlands,5.103
2023-12-06 00:00:00+00:00,00:00,E,West_Midlands,4.956
2023-12-07 00:00:00+00:00,00:00,E,West_Midlands,5.019
2023-12-08 00:00:00+00:00,00:00,E,West_Midlands,5.082
2023-12-09 00:00:00+00:00,00:00,E,West_Midlands,5.0085
2023-12-10 00:00:00+00:00,00:00,E,West_Midlands,5.0085
2023-12-11 00:00:00+00:00,00:00,E,West_Midlands,5.0085
2023-12-12 00:00:00+00:00,00:00,E,West_Midlands,4.7565
2023-12-13 00:00:00+00:00,00:00,E,West_Midlands,4.6515
2023-12-14 00:00:00+00:00,00:00,E,West_Midlands,4.62
2023-12-15 00:00:00+00:00,00:00,E,West_Midlands,4.5675
2023-12-16 00:00:00+00:00,00:00,E,West_Midlands,4.221
2023-12-17 00:00:00+00:00,00:00,E,West_Midlands,4.221
2023-12-18 00:00:00+00:00,00:00,E,West_Midlands,4.2315
2023-12-19 00:00:00+00:00,00:00,E,West_Midlands,4.347
2023-12-20 00:00:00+00:00,00:00,E,West_Midlands,4.158
2023-12-21 00:00:00+00:00,00:00,E,West_Midlands,4.1685
2023-12-22 00:00:00+00:00,00:00,E,West_Midlands,4.242
2023-12-23 00:00:00+00:00,00:00,E,West_Midlands,4.2525
2023-12-24 00:00:00+00:00,00:00,E,West_Midlands,4.2525
2023-12-25 00:00:00+00:00,00:00,E,West_Midlands,4.2525
2023-12-26 00:00:00+00:00,00:00,E,West_Midlands,4.2525
2023-12-27 00:00:00+00:00,00:00,E,West_Midlands,4.2945
2023-12-28 00:00:00+00:00,00:00,E,West_Midlands,4.5045
2023-12-29 00:00:00+00:00,00:00,E,West_Midlands,4.389
2023-12-30 00:00:00+00:00,00:00,E,West_Midlands,4.368
2023-12-31 00:00:00+00:00,00:00,E,West_Midlands,4.368
2024-01-01 00:00:00+00:00,00:00,E,West_Midlands,4.368
2024-01-02 00:00:00+00:00,00:00,E,West_Midlands,4.473
2024-01-03 00:00:00+00:00,00:00,E,West_Midlands,4.1475
2024-01-04 00:00:00+00:00,00:00,E,West_Midlands,4.5045
2024-01-05 00:00:00+00:00,00:00,E,West_Midlands,4.62
2024-01-06 00:00:00+00:00,00:00,E,West_Midlands,4.7145
2024-01-07 00:00:00+00:00,00:00,E,West_Midlands,4.7145
2024-01-08 00:00:00+00:00,00:00,E,West_Midlands,4.746
2024-01-09 00:00:00+00:00,00:00,E,West_Midlands,4.452
2024-01-10 00:00:00+00:00,00:00,E,West_Midlands,4.431
2024-01-11 00:00:00+00:00,00:00,E,West_Midlands,4.4205
2024-01-12 00:00:00+00:00,00:00,E,West_Midlands,4.4205
2024-01-13 00:00:00+00:00,00:00,E,West_Midlands,4.452
2024-01-14 00:00:00+00:00,00:00,E,West_Midlands,4.452
2024-01-15 00:00:00+00:00,00:00,E,West_Midlands,4.494
2024-01-16 00:00:00+00:00,00:00,E,West_Midlands,4.3155
2024-01-17 00:00:00+00:00,00:00,E,West_Midlands,4.284
2024-01-18 00:00:00+00:00,00:00,E,West_Midlands,4.0635
2024-01-19 00:00:00+00:00,00:00,E,West_Midlands,4.0635
2024-01-20 00:00:00+00:00,00:00,E,West_Midlands,4.0425
2024-01-21 00:00:00+00:00,00:00,E,West_Midlands,4.0425
2024-01-22 00:00:00+00:00,00:00,E,West_Midlands,4.053
2024-01-23 00:00:00+00:00,00:00,E,West_Midlands,3.9375
2024-01-24 00:00:00+00:00,00:00,E,West_Midlands,3.927
2024-01-25 00:00:00+00:00,00:00,E,West_Midlands,4.095
2024-01-26 00:00:00+00:00,00:00,E,West_Midlands,3.969
2024-01-27 00:00:00+00:00,00:00,E,West_Midlands,4.0425
2024-01-28 00:00:00+00:00,00:00,E,West_Midlands,4.0425
2024-01-29 00:00:00+00:00,00:00,E,West_Midlands,4.0635
2024-01-30 00:00:00+00:00,00:00,E,West_Midlands,4.0845
2024-01-31 00:00:00+00:00,00:00,E,West_Midlands,4.2105
2024-02-01 00:00:00+00:00,00:00,E,West_Midlands,4.2525
2024-02-02 00:00:00+00:00,00:00,E,West_Midlands,4.074
2024-02-03 00:00:00+00:00,00:00,E,West_Midlands,4.0845
2024-02-04 00:00:00+00:00,00:00,E,West_Midlands,4.0845
2024-02-05 00:00:00+00:00,00:00,E,West_Midlands,4.095
2024-02-06 00:00:00+00:00,00:00,E,West_Midlands,4.095
2024-02-07 00:00:00+00:00,00:00,E,West_Midlands,4.1685
2024-02-08 00:00:00+00:00,00:00,E,West_Midlands,4.158
2024-02-09 00:00:00+00:00,00:00,E,West_Midlands,4.053
2024-02-10 00:00:00+00:00,00:00,E,West_Midlands,4.0005
2024-02-11 00:00:00+00:00,00:00,E,West_Midlands,4.0005
2024-02-12 00:00:00+00:00,00:00,E,West_Midlands,4.011
2024-02-13 00:00:00+00:00,00:00,E,West_Midlands,3.8325
2024-02-14 00:00:00+00:00,00:00,E,West_Midlands,3.801
2024-02-15 00:00:00+00:00,00:00,E,West_Midlands,3.7065
2024-02-16 00:00:00+00:00,00:00,E,West_Midlands,3.7065
2024-02-17 00:00:00+00:00,00:00,E,West_Midlands,3.6855
2024-02-18 00:00:00+00:00,00:00,E,West_Midlands,3.6855
2024-02-19 00:00:00+00:00,00:00,E,West_Midlands,3.7065
2024-02-20 00:00:00+00:00,00:00,E,West_Midlands,3.5595
2024-02-21 00:00:00+00:00,00:00,E,West_Midlands,3.612
2024-02-22 00:00:00+00:00,00:00,E,West_Midlands,3.6645
2024-02-23 00:00:00+00:00,00:00,E,West_Midlands,3.6435
2024-02-24 00:00:00+00:00,00:00,E,West_Midlands,3.675
2024-02-25 00:00:00+00:00,00:00,E,West_Midlands,3.675
2024-02-26 00:00:00+00:00,00:00,E,West_Midlands,3.6225
2024-02-27 00:00:00+00:00,00:00,E,West_Midlands,3.738
2024-02-28 00:00:00+00:00,00:00,E,West_Midlands,3.7695
2024-02-29 00:00:00+00:00,00:00,E,West_Midlands,3.8325
2024-03-01 00:00:00+00:00,00:00,E,West_Midlands,3.843
2024-03-02 00:00:00+00:00,00:00,E,West_Midlands,3.9795
2024-03-03 00:00:00+00:00,00:00,E,West_Midlands,3.9795
2024-03-04 00:00:00+00:00,00:00,E,West_Midlands,3.99
2024-03-05 00:00:00+00:00,00:00,E,West_Midlands,4.074
2024-03-06 00:00:00+00:00,00:00,E,West_Midlands,4.1685
2024-03-07 00:00:00+00:00,00:00,E,West_Midlands,4.011
2024-03-08 00:00:00+00:00,00:00,E,West_Midlands,3.969
2024-03-09 00:00:00+00:00,00:00,E,West_Midlands,3.969
2024-03-10 00:00:00+00:00,00:00,E,West_Midlands,3.969
2024-03-11 00:00:00+00:00,00:00,E,West_Midlands,3.969
2024-03-12 00:00:00+00:00,00:00,E,West_Midlands,3.8745
2024-03-13 00:00:00+00:00,00:00,E,West_Midlands,3.822
2024-03-14 00:00:00+00:00,00:00,E,West_Midlands,3.801
2024-03-15 00:00:00+00:00,00:00,E,West_Midlands,3.8955
2024-03-16 00:00:00+00:00,00:00,E,West_Midlands,4.074
2024-03-17 00:00:00+00:00,00:00,E,West_Midlands,4.074
2024-03-18 00:00:00+00:00,00:00,E,West_Midlands,4.0425
2024-03-19 00:00:00+00:00,00:00,E,West_Midlands,4.2735
2024-03-20 00:00:00+00:00,00:00,E,West_Midlands,4.263
2024-03-21 00:00:00+00:00,00:00,E,West_Midlands,4.116
2024-03-22 00:00:00+00:00,00:00,E,West_Midlands,3.9795
2024-03-23 00:00:00+00:00,00:00,E,West_Midlands,4.1055
2024-03-24 00:00:00+00:00,00:00,E,West_Midlands,4.1055
2024-03-25 00:00:00+00:00,00:00,E,West_Midlands,4.221
2024-03-26 00:00:00+00:00,00:00,E,West_Midlands,4.2735
2024-03-27 00:00:00+00:00,00:00,E,West_Midlands,4.116
2024-03-28 00:00:00+00:00,00:00,E,West_Midlands,4.1265
2024-03-29 00:00:00+00:00,00:00,E,West_Midlands,4.0005
2024-03-30 00:00:00+00:00,00:00,E,West_Midlands,4.0005
2024-03-31 00:00:00+00:00,00:00,E,West_Midlands,4.0005
2024-03-31 23:00:00+00:00,00:00,E,West_Midlands,3.9375
2024-04-01 00:00:00+00:00,00:00,E,West_Midlands,4.0005
2024-04-01 23:00:00+00:00,00:00,E,West_Midlands,3.99
2024-04-02 00:00:00+00:00,00:00,E,West_Midlands,4.053
2024-04-03 00:00:00+00:00,00:00,E,West_Midlands,3.9375
2024-04-04 00:00:00+00:00,00:00,E,West_Midlands,3.8745
2024-04-05 00:00:00+00:00,00:00,E,West_Midlands,3.8535
2024-04-06 00:00:00+00:00,00:00,E,West_Midlands,3.906
2024-04-07 00:00:00+00:00,00:00,E,West_Midlands,3.906
2024-04-08 00:00:00+00:00,00:00,E,West_Midlands,3.927
2024-04-09 00:00:00+00:00,00:00,E,West_Midlands,4.053
2024-04-10 00:00:00+00:00,00:00,E,West_Midlands,4.011
2024-04-11 00:00:00+00:00,00:00,E,West_Midlands,4.0215
2024-04-12 00:00:00+00:00,00:00,E,West_Midlands,4.2105
2024-04-13 00:00:00+00:00,00:00,E,West_Midlands,4.284
2024-04-14 00:00:00+00:00,00:00,E,West_Midlands,4.284
2024-04-15 00:00:00+00:00,00:00,E,West_Midlands,4.305
2024-04-16 00:00:00+00:00,00:00,E,West_Midlands,4.4415
2024-04-17 00:00:00+00:00,00:00,E,West_Midlands,4.704
2024-04-18 00:00:00+00:00,00:00,E,West_Midlands,4.5045
2024-04-19 00:00:00+00:00,00:00,E,West_Midlands,4.536
2024-04-20 00:00:00+00:00,00:00,E,West_Midlands,4.389
2024-04-21 00:00:00+00:00,00:00,E,West_Midlands,4.389
2024-04-22 00:00:00+00:00,00:00,E,West_Midlands,4.431
2024-04-23 00:00:00+00:00,00:00,E,West_Midlands,4.2945
2024-04-24 00:00:00+00:00,00:00,E,West_Midlands,4.2105
2024-04-25 00:00:00+00:00,00:00,E,West_Midlands,4.389
2024-04-26 00:00:00+00:00,00:00,E,West_Midlands,4.4415
2024-04-27 00:00:00+00:00,00:00,E,West_Midlands,4.3365
2024-04-28 00:00:00+00:00,00:00,E,West_Midlands,4.3365
2024-04-29 00:00:00+00:00,00:00,E,West_Midlands,4.326
